{
  "height": 15,
  "width": 25,
  "x": 1043.921875,
  "y": 203.796875
}