{
  "height": 15,
  "width": 58,
  "x": 565.984375,
  "y": 203.796875
}