{
  "height": 15,
  "width": 25,
  "x": 598.921875,
  "y": 203.796875
}