{
  "height": 19,
  "width": 58,
  "x": 566.453125,
  "y": 201.796875
}